[{
	"entity_ID": "1",
	"name": "Iyana",
	"color": "red",
	"shape": "square",
	"size": "medium",
	"X": "23",
	"Y": "25"
}, {
	"entity_ID": "2",
	"name": "Liliana",
	"color": "blue",
	"shape": "triangle",
	"size": "small",
	"X": "39",
	"Y": "91"
}, {
	"entity_ID": "3",
	"name": "Ryann",
	"color": "blue",
	"shape": "triangle",
	"size": "small",
	"X": "19",
	"Y": "31"
}, {
	"entity_ID": "4",
	"name": "Barbara",
	"color": "red",
	"shape": "triangle",
	"size": "large",
	"X": "5",
	"Y": "2"
}, {
	"entity_ID": "5",
	"name": "Iyana",
	"color": "blue",
	"shape": "circle",
	"size": "small",
	"X": "76",
	"Y": "8"
}]